-- SCRIPT 1
insert into hero (character_id, attributionhtml, attribution_text, code, copyright, etag, status) values (1, 'Spider-Man', 'Spider-Man', 'Spider-Man', 'Spider-Man', 'Spider-Man', 'Spider-Man')
insert into comic (id, available, collectionuri, returned) values (1, 1, 'Spider-Man', 1)
insert into item (id, name, resourceuri, type) values (1, 'Spider-Man', 'Spider-Man', 'Spider-Man')
insert into event (id, available, collectionuri, returned) values (1, 1, 'Spider-Man', 1)
insert into item (id, name, resourceuri, type) values (2, 'Spider-Man', 'Spider-Man', 'Spider-Man')
insert into serie (id, available, collectionuri, returned) values (1, 1, 'Spider-Man', 1)
insert into item (id, name, resourceuri, type) values (3, 'Spider-Man', 'Spider-Man', 'Spider-Man')
insert into storie (id, available, collectionuri, returned) values (1, 1, 'Spider-Man', 1)
insert into item (id, name, resourceuri, type) values (4, 'Spider-Man', 'Spider-Man', 'Spider-Man')
insert into thumbnail (id, extension, path) values (1, 'Spider-Man', 'Spider-Man')
insert into result (id, comics_id, description, events_id, modified, name, resourceuri, series_id, stories_id, thumbnail_id) values (1, 1, 'Spider-Man', 1, CURRENT_DATE, 'Spider-Man', 'Spider-Man', 1, 1, 1)
insert into url (id, type, url) values (1, 'Spider-Man', 'Spider-Man')
insert into hero_results (hero_character_id, results_id) values (1, 1)
insert into comic_items (comic_id, items_id) values (1, 1)
insert into event_items (event_id, items_id) values (1, 1)
insert into serie_items (serie_id, items_id) values (1, 1)
insert into storie_items (storie_id, items_id) values (1, 1)
insert into result_urls (result_id, urls_id) values (1, 1)

-- SCRIPT 2
insert into hero (character_id, attributionhtml, attribution_text, code, copyright, etag, status) values (2, 'Hulk', 'Hulk', 'Hulk', 'Hulk', 'Hulk', 'Hulk')
insert into comic (id, available, collectionuri, returned) values (2, 2, 'Hulk', 2)
insert into item (id, name, resourceuri, type) values (5, 'Hulk', 'Hulk', 'Hulk')
insert into event (id, available, collectionuri, returned) values (2, 2, 'Hulk', 2)
insert into item (id, name, resourceuri, type) values (6, 'Hulk', 'Hulk', 'Hulk')
insert into serie (id, available, collectionuri, returned) values (2, 2, 'Hulk', 2)
insert into item (id, name, resourceuri, type) values (7, 'Hulk', 'Hulk', 'Hulk')
insert into storie (id, available, collectionuri, returned) values (2, 2, 'Hulk', 2)
insert into item (id, name, resourceuri, type) values (8, 'Hulk', 'Hulk', 'Hulk')
insert into thumbnail (id, extension, path) values (2, 'Hulk', 'Hulk')
insert into result (id, comics_id, description, events_id, modified, name, resourceuri, series_id, stories_id, thumbnail_id) values (2, 2, 'Hulk', 2, CURRENT_DATE, 'Hulk', 'Hulk', 2, 2, 2)
insert into url (id, type, url) values (2, 'Hulk', 'Hulk')
insert into hero_results (hero_character_id, results_id) values (2, 2)
insert into comic_items (comic_id, items_id) values (2, 5)
insert into event_items (event_id, items_id) values (2, 6)
insert into serie_items (serie_id, items_id) values (2, 7)
insert into storie_items (storie_id, items_id) values (2, 8)
insert into result_urls (result_id, urls_id) values (2, 2)

-- SCRIPT 3
insert into hero (character_id, attributionhtml, attribution_text, code, copyright, etag, status) values (3, 'Spider-Man', 'Spider-Man', 'Spider-Man', 'Spider-Man', 'Spider-Man', 'Spider-Man')
insert into comic (id, available, collectionuri, returned) values (3, 1, 'Spider-Man', 1)
insert into item (id, name, resourceuri, type) values (9, 'Hulk', 'Hulk', 'Hulk')
insert into event (id, available, collectionuri, returned) values (3, 1, 'Spider-Man', 1)
insert into item (id, name, resourceuri, type) values (10, 'Hulk', 'Hulk', 'Hulk')
insert into serie (id, available, collectionuri, returned) values (3, 1, 'Spider-Man', 1)
insert into item (id, name, resourceuri, type) values (11, 'Hulk', 'Hulk', 'Hulk')
insert into storie (id, available, collectionuri, returned) values (3, 1, 'Spider-Man', 1)
insert into item (id, name, resourceuri, type) values (12, 'Hulk', 'Hulk', 'Hulk')
insert into thumbnail (id, extension, path) values (3, 'Spider-Man', 'Spider-Man')
insert into result (id, comics_id, description, events_id, modified, name, resourceuri, series_id, stories_id, thumbnail_id) values (3, 1, 'Spider-Man', 1, CURRENT_DATE, 'Spider-Man', 'Spider-Man', 1, 1, 1)
insert into url (id, type, url) values (3, 'Spider-Man', 'Spider-Man')
insert into hero_results (hero_character_id, results_id) values (3, 3)
insert into comic_items (comic_id, items_id) values (3, 9)
insert into event_items (event_id, items_id) values (3, 10)
insert into serie_items (serie_id, items_id) values (3, 11)
insert into storie_items (storie_id, items_id) values (3, 12)
insert into result_urls (result_id, urls_id) values (3, 3)